Role,Company Name + Location,Link for More Info

New: Software Engineer Intern - Summer 2022,UKG (Ultimate Kronos Group)4.1Remote,http://indeed.com/rc/clk?jk=6ea9cd9079405ed4&fccid=0d1386ca25efa609&vjs=3
New: Software Engineer Intern - Summer 2022,"Rock Central3.8Detroit, MI 48226 (Downtown area)",http://indeed.com/rc/clk?jk=c02b4e63e4d74475&fccid=67d44bb0f7a092a6&vjs=3
Fullstack Web Intern (Remote),"QuizletRemote in New York, NY",http://indeed.com/company/Quizlet/jobs/Fullstack-Web-Intern-5bd1054f70a0f8df?fccid=30aa2c54dfe7480c&vjs=3
Software Engineer Intern,"AnaplanSan Francisco, CA 94108 (Financial District/South Beach area)",http://indeed.com/rc/clk?jk=d80de0fadd362b93&fccid=93ffb51d89b44b5d&vjs=3
New: Software Engineer Intern,"Agilent Technologies, Inc.4.1Wilmington, DE 19808+1 location",http://indeed.com/rc/clk?jk=07a61f4a44e91be2&fccid=314d6d2bfc9df32c&vjs=3
Summer 2022 Software Developer Intern - Remote,Voya Financial3.4Remote,http://indeed.com/rc/clk?jk=38aa54e843a97c9c&fccid=4d7e317a90a915fd&vjs=3
Software Engineer - INTERN,"Peraton3.2Clearfield, UT",http://indeed.com/rc/clk?jk=d258a5d6b0fce703&fccid=7dc8be9efe945d3a&vjs=3
New: Java Software Engineer Intern,"AlignTech3.8San Jose, CA 95134 (North San Jose area)",http://indeed.com/rc/clk?jk=98bc8cf34a16f07d&fccid=5d6a5521c3a684d6&vjs=3
New: Software Engineer for Test Intern,"IEX GroupNew York, NY",http://indeed.com/rc/clk?jk=c22e342af35dd73d&fccid=36d88ad78dfc5d54&vjs=3
Software Engineer Intern,"Visual Concepts4.1Austin, TX",http://indeed.com/rc/clk?jk=0e3a5cdbfc492569&fccid=ff30cfe5e907b35e&vjs=3
New: Software Engineer Intern,"ViaSat3.7Boston, MA+8 locations",http://indeed.com/rc/clk?jk=ef1cdeac6766ab56&fccid=8b219f1987ef65ea&vjs=3
"New: Intern, Software Engineer",CivicPlus3.7+1 locationRemote,http://indeed.com/rc/clk?jk=c45c24dcdd3eb81c&fccid=81892c5e87060e37&vjs=3
"Software Engineer, Intern","VantaSan Francisco, CA",http://indeed.com/rc/clk?jk=c08f6a88eb72556a&fccid=207a5b7e46476583&vjs=3
New: Software Developer - Intern (Summer 2022),"BambooHR4.4Lindon, UT 84042",http://indeed.com/rc/clk?jk=ede95c76ed0be715&fccid=62d7d3004b471b2d&vjs=3
New: Software Engineer Intern,CURO Financial Technologies Corporation3.7Remote in Illinois,http://indeed.com/rc/clk?jk=ac5d81f2a223b678&fccid=e0e66234466a4cc2&vjs=3
